sensor_id;sensor_type;location;lat;lon;timestamp;P1;durP1;ratioP1;P2;durP2;ratioP2
3659;SDS011;1846;51.482;7.224;2021-04-26T00:01:55;11.77;;;7.10;;
3659;SDS011;1846;51.482;7.224;2021-04-26T00:04:22;13.33;;;6.80;;
3659;SDS011;1846;51.482;7.224;2021-04-26T00:06:48;11.50;;;6.17;;
3659;SDS011;1846;51.482;7.224;2021-04-26T00:09:14;7.30;;;6.43;;
3659;SDS011;1846;51.482;7.224;2021-04-26T00:11:42;9.90;;;6.20;;
3659;SDS011;1846;51.482;7.224;2021-04-26T00:14:08;7.60;;;6.63;;
3659;SDS011;1846;51.482;7.224;2021-04-26T00:16:34;8.17;;;6.70;;
3659;SDS011;1846;51.482;7.224;2021-04-26T00:19:02;10.13;;;7.73;;
3659;SDS011;1846;51.482;7.224;2021-04-26T00:21:29;10.00;;;6.90;;
3659;SDS011;1846;51.482;7.224;2021-04-26T00:23:56;10.60;;;6.90;;
3659;SDS011;1846;51.482;7.224;2021-04-26T00:26:22;8.27;;;7.13;;
3659;SDS011;1846;51.482;7.224;2021-04-26T00:28:49;13.27;;;6.20;;
3659;SDS011;1846;51.482;7.224;2021-04-26T00:31:16;10.00;;;6.63;;
3659;SDS011;1846;51.482;7.224;2021-04-26T00:33:42;10.60;;;7.03;;
3659;SDS011;1846;51.482;7.224;2021-04-26T00:36:08;11.07;;;7.17;;
3659;SDS011;1846;51.482;7.224;2021-04-26T00:38:35;13.43;;;6.47;;
3659;SDS011;1846;51.482;7.224;2021-04-26T00:41:01;12.60;;;7.10;;
3659;SDS011;1846;51.482;7.224;2021-04-26T00:43:28;9.93;;;6.60;;
3659;SDS011;1846;51.482;7.224;2021-04-26T00:45:55;15.50;;;7.70;;
3659;SDS011;1846;51.482;7.224;2021-04-26T00:48:21;16.47;;;8.27;;
3659;SDS011;1846;51.482;7.224;2021-04-26T00:50:48;9.30;;;6.83;;
3659;SDS011;1846;51.482;7.224;2021-04-26T00:53:14;15.60;;;7.37;;
3659;SDS011;1846;51.482;7.224;2021-04-26T00:55:40;8.20;;;6.20;;
3659;SDS011;1846;51.482;7.224;2021-04-26T00:58:09;7.80;;;6.67;;
3659;SDS011;1846;51.482;7.224;2021-04-26T01:00:36;14.23;;;6.30;;
3659;SDS011;1846;51.482;7.224;2021-04-26T01:03:04;15.50;;;6.90;;
3659;SDS011;1846;51.482;7.224;2021-04-26T01:05:31;11.73;;;7.00;;
3659;SDS011;1846;51.482;7.224;2021-04-26T01:07:59;8.73;;;6.97;;
3659;SDS011;1846;51.482;7.224;2021-04-26T01:10:27;13.43;;;6.70;;
3659;SDS011;1846;51.482;7.224;2021-04-26T01:13:03;13.23;;;7.23;;
3659;SDS011;1846;51.482;7.224;2021-04-26T01:15:41;6.57;;;5.97;;
3659;SDS011;1846;51.482;7.224;2021-04-26T01:18:15;13.90;;;7.00;;
3659;SDS011;1846;51.482;7.224;2021-04-26T01:20:55;10.37;;;7.70;;
3659;SDS011;1846;51.482;7.224;2021-04-26T01:23:42;10.33;;;6.37;;
3659;SDS011;1846;51.482;7.224;2021-04-26T01:26:31;11.50;;;6.50;;
3659;SDS011;1846;51.482;7.224;2021-04-26T01:29:11;10.00;;;7.07;;
3659;SDS011;1846;51.482;7.224;2021-04-26T01:31:44;10.63;;;7.10;;
3659;SDS011;1846;51.482;7.224;2021-04-26T01:34:22;8.10;;;6.30;;
3659;SDS011;1846;51.482;7.224;2021-04-26T01:36:52;8.60;;;6.77;;
3659;SDS011;1846;51.482;7.224;2021-04-26T01:39:19;7.17;;;6.43;;
3659;SDS011;1846;51.482;7.224;2021-04-26T01:41:47;13.67;;;7.07;;
3659;SDS011;1846;51.482;7.224;2021-04-26T01:44:15;21.30;;;8.43;;
3659;SDS011;1846;51.482;7.224;2021-04-26T01:46:43;8.10;;;6.03;;
3659;SDS011;1846;51.482;7.224;2021-04-26T01:49:10;8.33;;;6.30;;
3659;SDS011;1846;51.482;7.224;2021-04-26T01:51:39;15.30;;;6.50;;
3659;SDS011;1846;51.482;7.224;2021-04-26T01:54:07;9.63;;;6.00;;
3659;SDS011;1846;51.482;7.224;2021-04-26T01:56:33;18.87;;;6.57;;
3659;SDS011;1846;51.482;7.224;2021-04-26T01:59:00;12.97;;;6.57;;
3659;SDS011;1846;51.482;7.224;2021-04-26T02:01:29;10.13;;;6.47;;
3659;SDS011;1846;51.482;7.224;2021-04-26T02:03:57;6.20;;;5.70;;
3659;SDS011;1846;51.482;7.224;2021-04-26T02:06:25;6.97;;;6.30;;
3659;SDS011;1846;51.482;7.224;2021-04-26T02:08:53;6.80;;;6.20;;
3659;SDS011;1846;51.482;7.224;2021-04-26T02:11:20;9.90;;;7.23;;
3659;SDS011;1846;51.482;7.224;2021-04-26T02:13:47;17.50;;;7.47;;
3659;SDS011;1846;51.482;7.224;2021-04-26T02:16:15;7.40;;;6.70;;
3659;SDS011;1846;51.482;7.224;2021-04-26T02:18:41;17.67;;;7.67;;
3659;SDS011;1846;51.482;7.224;2021-04-26T02:21:07;10.60;;;6.30;;
3659;SDS011;1846;51.482;7.224;2021-04-26T02:23:34;9.20;;;6.43;;
3659;SDS011;1846;51.482;7.224;2021-04-26T02:26:02;10.07;;;6.43;;
3659;SDS011;1846;51.482;7.224;2021-04-26T02:28:29;9.63;;;6.07;;
3659;SDS011;1846;51.482;7.224;2021-04-26T02:30:56;7.70;;;6.20;;
3659;SDS011;1846;51.482;7.224;2021-04-26T02:33:24;8.20;;;6.93;;
3659;SDS011;1846;51.482;7.224;2021-04-26T02:36:01;6.33;;;5.70;;
3659;SDS011;1846;51.482;7.224;2021-04-26T02:38:32;11.63;;;5.83;;
3659;SDS011;1846;51.482;7.224;2021-04-26T02:41:03;10.00;;;5.93;;
3659;SDS011;1846;51.482;7.224;2021-04-26T02:43:34;15.07;;;7.00;;
3659;SDS011;1846;51.482;7.224;2021-04-26T02:46:03;6.33;;;5.83;;
3659;SDS011;1846;51.482;7.224;2021-04-26T02:48:30;9.13;;;6.03;;
3659;SDS011;1846;51.482;7.224;2021-04-26T02:50:58;8.03;;;5.60;;
3659;SDS011;1846;51.482;7.224;2021-04-26T02:53:26;6.90;;;6.20;;
3659;SDS011;1846;51.482;7.224;2021-04-26T02:55:57;12.63;;;6.83;;
3659;SDS011;1846;51.482;7.224;2021-04-26T02:58:27;7.67;;;6.33;;
3659;SDS011;1846;51.482;7.224;2021-04-26T03:00:54;10.43;;;5.63;;
3659;SDS011;1846;51.482;7.224;2021-04-26T03:03:21;8.50;;;5.90;;
3659;SDS011;1846;51.482;7.224;2021-04-26T03:05:48;10.50;;;7.07;;
3659;SDS011;1846;51.482;7.224;2021-04-26T03:08:15;9.23;;;6.10;;
3659;SDS011;1846;51.482;7.224;2021-04-26T03:10:42;5.20;;;4.73;;
3659;SDS011;1846;51.482;7.224;2021-04-26T03:13:10;9.80;;;5.00;;
3659;SDS011;1846;51.482;7.224;2021-04-26T03:15:37;18.57;;;6.17;;
3659;SDS011;1846;51.482;7.224;2021-04-26T03:18:04;6.57;;;5.97;;
3659;SDS011;1846;51.482;7.224;2021-04-26T03:20:31;8.00;;;5.70;;
3659;SDS011;1846;51.482;7.224;2021-04-26T03:22:58;10.17;;;6.40;;
3659;SDS011;1846;51.482;7.224;2021-04-26T03:25:24;8.70;;;6.50;;
3659;SDS011;1846;51.482;7.224;2021-04-26T03:27:52;8.87;;;5.50;;
3659;SDS011;1846;51.482;7.224;2021-04-26T03:30:20;12.33;;;6.40;;
3659;SDS011;1846;51.482;7.224;2021-04-26T03:32:49;6.07;;;5.40;;
3659;SDS011;1846;51.482;7.224;2021-04-26T03:35:17;18.33;;;7.63;;
3659;SDS011;1846;51.482;7.224;2021-04-26T03:37:44;13.50;;;6.47;;
3659;SDS011;1846;51.482;7.224;2021-04-26T03:40:14;9.90;;;6.97;;
3659;SDS011;1846;51.482;7.224;2021-04-26T03:42:42;6.63;;;6.00;;
3659;SDS011;1846;51.482;7.224;2021-04-26T03:45:08;7.90;;;6.30;;
3659;SDS011;1846;51.482;7.224;2021-04-26T03:47:38;10.63;;;6.70;;
3659;SDS011;1846;51.482;7.224;2021-04-26T03:50:06;9.20;;;7.00;;
3659;SDS011;1846;51.482;7.224;2021-04-26T03:52:32;9.60;;;7.03;;
3659;SDS011;1846;51.482;7.224;2021-04-26T03:54:59;10.33;;;6.80;;
3659;SDS011;1846;51.482;7.224;2021-04-26T03:57:25;19.13;;;7.03;;
3659;SDS011;1846;51.482;7.224;2021-04-26T03:59:51;24.03;;;7.60;;
3659;SDS011;1846;51.482;7.224;2021-04-26T04:02:18;6.83;;;6.23;;
3659;SDS011;1846;51.482;7.224;2021-04-26T04:04:44;9.97;;;6.83;;
3659;SDS011;1846;51.482;7.224;2021-04-26T04:07:11;7.50;;;6.60;;
3659;SDS011;1846;51.482;7.224;2021-04-26T04:09:37;11.50;;;7.10;;
3659;SDS011;1846;51.482;7.224;2021-04-26T04:12:04;9.97;;;6.97;;
3659;SDS011;1846;51.482;7.224;2021-04-26T04:14:31;9.90;;;7.30;;
3659;SDS011;1846;51.482;7.224;2021-04-26T04:16:57;9.53;;;6.17;;
3659;SDS011;1846;51.482;7.224;2021-04-26T04:19:23;11.77;;;6.70;;
3659;SDS011;1846;51.482;7.224;2021-04-26T04:21:50;12.50;;;5.90;;
3659;SDS011;1846;51.482;7.224;2021-04-26T04:24:18;9.40;;;7.33;;
3659;SDS011;1846;51.482;7.224;2021-04-26T04:26:44;8.60;;;6.80;;
3659;SDS011;1846;51.482;7.224;2021-04-26T04:29:10;10.70;;;7.43;;
3659;SDS011;1846;51.482;7.224;2021-04-26T04:31:37;10.33;;;7.73;;
3659;SDS011;1846;51.482;7.224;2021-04-26T04:34:03;7.20;;;6.60;;
3659;SDS011;1846;51.482;7.224;2021-04-26T04:36:29;8.23;;;6.93;;
3659;SDS011;1846;51.482;7.224;2021-04-26T04:38:56;10.63;;;6.27;;
3659;SDS011;1846;51.482;7.224;2021-04-26T04:41:23;12.53;;;7.57;;
3659;SDS011;1846;51.482;7.224;2021-04-26T04:43:50;8.40;;;6.93;;
3659;SDS011;1846;51.482;7.224;2021-04-26T04:46:16;11.83;;;7.63;;
3659;SDS011;1846;51.482;7.224;2021-04-26T04:48:43;10.73;;;7.80;;
3659;SDS011;1846;51.482;7.224;2021-04-26T04:51:09;8.10;;;6.77;;
3659;SDS011;1846;51.482;7.224;2021-04-26T04:53:36;12.67;;;7.70;;
3659;SDS011;1846;51.482;7.224;2021-04-26T04:56:02;9.10;;;7.53;;
3659;SDS011;1846;51.482;7.224;2021-04-26T04:58:29;11.80;;;9.67;;
3659;SDS011;1846;51.482;7.224;2021-04-26T05:00:56;17.03;;;8.10;;
3659;SDS011;1846;51.482;7.224;2021-04-26T05:03:22;15.70;;;9.03;;
3659;SDS011;1846;51.482;7.224;2021-04-26T05:05:49;14.23;;;7.67;;
3659;SDS011;1846;51.482;7.224;2021-04-26T05:08:15;13.80;;;8.50;;
3659;SDS011;1846;51.482;7.224;2021-04-26T05:10:41;9.03;;;8.03;;
3659;SDS011;1846;51.482;7.224;2021-04-26T05:13:08;22.33;;;8.57;;
3659;SDS011;1846;51.482;7.224;2021-04-26T05:15:35;18.00;;;9.23;;
3659;SDS011;1846;51.482;7.224;2021-04-26T05:18:01;13.83;;;8.90;;
3659;SDS011;1846;51.482;7.224;2021-04-26T05:20:28;14.53;;;8.87;;
3659;SDS011;1846;51.482;7.224;2021-04-26T05:22:54;15.30;;;8.37;;
3659;SDS011;1846;51.482;7.224;2021-04-26T05:25:21;16.73;;;9.37;;
3659;SDS011;1846;51.482;7.224;2021-04-26T05:27:48;16.20;;;10.07;;
3659;SDS011;1846;51.482;7.224;2021-04-26T05:30:14;12.00;;;7.80;;
3659;SDS011;1846;51.482;7.224;2021-04-26T05:32:42;11.50;;;9.30;;
3659;SDS011;1846;51.482;7.224;2021-04-26T05:35:09;9.07;;;8.03;;
3659;SDS011;1846;51.482;7.224;2021-04-26T05:37:36;15.47;;;9.73;;
3659;SDS011;1846;51.482;7.224;2021-04-26T05:40:02;13.57;;;8.23;;
3659;SDS011;1846;51.482;7.224;2021-04-26T05:42:29;19.23;;;10.20;;
3659;SDS011;1846;51.482;7.224;2021-04-26T05:44:55;17.63;;;9.40;;
3659;SDS011;1846;51.482;7.224;2021-04-26T05:47:22;13.97;;;8.97;;
3659;SDS011;1846;51.482;7.224;2021-04-26T05:49:49;20.20;;;10.70;;
3659;SDS011;1846;51.482;7.224;2021-04-26T05:52:15;11.43;;;9.37;;
3659;SDS011;1846;51.482;7.224;2021-04-26T05:54:41;13.83;;;8.43;;
3659;SDS011;1846;51.482;7.224;2021-04-26T05:57:08;12.73;;;10.27;;
3659;SDS011;1846;51.482;7.224;2021-04-26T05:59:35;13.53;;;9.43;;
3659;SDS011;1846;51.482;7.224;2021-04-26T06:02:01;20.10;;;10.50;;
3659;SDS011;1846;51.482;7.224;2021-04-26T06:04:28;20.40;;;9.43;;
3659;SDS011;1846;51.482;7.224;2021-04-26T06:06:56;14.70;;;10.37;;
3659;SDS011;1846;51.482;7.224;2021-04-26T06:09:22;17.47;;;11.10;;
3659;SDS011;1846;51.482;7.224;2021-04-26T06:11:49;14.13;;;9.13;;
3659;SDS011;1846;51.482;7.224;2021-04-26T06:14:15;12.70;;;9.50;;
3659;SDS011;1846;51.482;7.224;2021-04-26T06:16:41;16.90;;;9.70;;
3659;SDS011;1846;51.482;7.224;2021-04-26T06:19:08;23.03;;;11.43;;
3659;SDS011;1846;51.482;7.224;2021-04-26T06:21:34;15.97;;;9.93;;
3659;SDS011;1846;51.482;7.224;2021-04-26T06:24:01;11.90;;;9.57;;
3659;SDS011;1846;51.482;7.224;2021-04-26T06:26:28;13.70;;;8.90;;
3659;SDS011;1846;51.482;7.224;2021-04-26T06:28:54;16.17;;;9.13;;
3659;SDS011;1846;51.482;7.224;2021-04-26T06:31:21;16.83;;;9.73;;
3659;SDS011;1846;51.482;7.224;2021-04-26T06:33:47;19.40;;;10.20;;
3659;SDS011;1846;51.482;7.224;2021-04-26T06:36:13;18.53;;;11.07;;
3659;SDS011;1846;51.482;7.224;2021-04-26T06:38:40;18.40;;;8.90;;
3659;SDS011;1846;51.482;7.224;2021-04-26T06:41:07;13.63;;;9.57;;
3659;SDS011;1846;51.482;7.224;2021-04-26T06:43:33;21.73;;;9.87;;
3659;SDS011;1846;51.482;7.224;2021-04-26T06:46:00;11.40;;;8.50;;
3659;SDS011;1846;51.482;7.224;2021-04-26T06:48:26;9.73;;;7.63;;
3659;SDS011;1846;51.482;7.224;2021-04-26T06:50:52;13.30;;;8.17;;
3659;SDS011;1846;51.482;7.224;2021-04-26T06:53:22;9.33;;;8.20;;
3659;SDS011;1846;51.482;7.224;2021-04-26T06:55:49;11.13;;;7.33;;
3659;SDS011;1846;51.482;7.224;2021-04-26T06:58:16;10.20;;;8.43;;
3659;SDS011;1846;51.482;7.224;2021-04-26T07:00:42;14.90;;;9.03;;
3659;SDS011;1846;51.482;7.224;2021-04-26T07:05:44;13.03;;;7.47;;
3659;SDS011;1846;51.482;7.224;2021-04-26T07:10:46;11.20;;;6.83;;
3659;SDS011;1846;51.482;7.224;2021-04-26T07:13:14;8.30;;;7.50;;
3659;SDS011;1846;51.482;7.224;2021-04-26T07:15:41;19.40;;;9.30;;
3659;SDS011;1846;51.482;7.224;2021-04-26T07:18:08;15.93;;;6.67;;
3659;SDS011;1846;51.482;7.224;2021-04-26T07:20:34;10.47;;;6.87;;
3659;SDS011;1846;51.482;7.224;2021-04-26T07:23:01;7.73;;;6.90;;
3659;SDS011;1846;51.482;7.224;2021-04-26T07:25:28;17.53;;;6.73;;
3659;SDS011;1846;51.482;7.224;2021-04-26T07:27:54;10.73;;;6.90;;
3659;SDS011;1846;51.482;7.224;2021-04-26T07:30:20;6.33;;;4.97;;
3659;SDS011;1846;51.482;7.224;2021-04-26T07:32:48;9.93;;;5.50;;
3659;SDS011;1846;51.482;7.224;2021-04-26T07:35:15;4.37;;;4.07;;
3659;SDS011;1846;51.482;7.224;2021-04-26T07:37:42;5.50;;;3.77;;
3659;SDS011;1846;51.482;7.224;2021-04-26T07:40:10;8.47;;;5.87;;
3659;SDS011;1846;51.482;7.224;2021-04-26T07:42:38;3.00;;;2.80;;
3659;SDS011;1846;51.482;7.224;2021-04-26T07:45:04;4.30;;;3.40;;
3659;SDS011;1846;51.482;7.224;2021-04-26T07:47:33;6.17;;;3.13;;
3659;SDS011;1846;51.482;7.224;2021-04-26T07:50:00;4.60;;;4.17;;
3659;SDS011;1846;51.482;7.224;2021-04-26T07:52:27;9.47;;;4.50;;
3659;SDS011;1846;51.482;7.224;2021-04-26T07:54:53;4.83;;;3.17;;
3659;SDS011;1846;51.482;7.224;2021-04-26T07:57:19;7.90;;;3.50;;
3659;SDS011;1846;51.482;7.224;2021-04-26T07:59:46;5.47;;;3.60;;
3659;SDS011;1846;51.482;7.224;2021-04-26T08:02:12;6.47;;;3.80;;
3659;SDS011;1846;51.482;7.224;2021-04-26T08:04:38;6.67;;;3.67;;
3659;SDS011;1846;51.482;7.224;2021-04-26T08:07:06;3.37;;;3.07;;
3659;SDS011;1846;51.482;7.224;2021-04-26T08:09:32;3.57;;;3.27;;
3659;SDS011;1846;51.482;7.224;2021-04-26T08:11:58;4.17;;;3.80;;
3659;SDS011;1846;51.482;7.224;2021-04-26T08:14:24;3.43;;;3.20;;
3659;SDS011;1846;51.482;7.224;2021-04-26T08:16:51;3.80;;;3.50;;
3659;SDS011;1846;51.482;7.224;2021-04-26T08:19:17;5.57;;;4.50;;
3659;SDS011;1846;51.482;7.224;2021-04-26T08:21:43;5.77;;;3.27;;
3659;SDS011;1846;51.482;7.224;2021-04-26T08:24:12;3.30;;;2.20;;
3659;SDS011;1846;51.482;7.224;2021-04-26T08:26:38;1.63;;;1.53;;
3659;SDS011;1846;51.482;7.224;2021-04-26T08:29:04;1.80;;;1.60;;
3659;SDS011;1846;51.482;7.224;2021-04-26T08:31:31;2.30;;;2.10;;
3659;SDS011;1846;51.482;7.224;2021-04-26T08:33:57;2.70;;;2.50;;
3659;SDS011;1846;51.482;7.224;2021-04-26T08:36:23;2.70;;;2.50;;
3659;SDS011;1846;51.482;7.224;2021-04-26T08:38:50;1.80;;;1.70;;
3659;SDS011;1846;51.482;7.224;2021-04-26T08:41:17;2.30;;;2.20;;
3659;SDS011;1846;51.482;7.224;2021-04-26T08:43:44;3.50;;;2.70;;
3659;SDS011;1846;51.482;7.224;2021-04-26T08:46:12;7.43;;;3.17;;
3659;SDS011;1846;51.482;7.224;2021-04-26T08:48:39;5.37;;;2.90;;
3659;SDS011;1846;51.482;7.224;2021-04-26T08:51:06;7.07;;;3.33;;
3659;SDS011;1846;51.482;7.224;2021-04-26T08:53:32;3.27;;;2.97;;
3659;SDS011;1846;51.482;7.224;2021-04-26T08:55:59;4.60;;;4.20;;
3659;SDS011;1846;51.482;7.224;2021-04-26T08:58:26;2.60;;;2.40;;
3659;SDS011;1846;51.482;7.224;2021-04-26T09:00:54;3.17;;;2.97;;
3659;SDS011;1846;51.482;7.224;2021-04-26T09:03:23;3.50;;;3.20;;
3659;SDS011;1846;51.482;7.224;2021-04-26T09:05:56;3.30;;;3.00;;
3659;SDS011;1846;51.482;7.224;2021-04-26T09:08:22;4.53;;;3.60;;
3659;SDS011;1846;51.482;7.224;2021-04-26T09:10:49;6.23;;;2.97;;
3659;SDS011;1846;51.482;7.224;2021-04-26T09:13:23;4.20;;;2.93;;
3659;SDS011;1846;51.482;7.224;2021-04-26T09:15:56;2.77;;;2.60;;
3659;SDS011;1846;51.482;7.224;2021-04-26T09:18:42;5.47;;;2.83;;
3659;SDS011;1846;51.482;7.224;2021-04-26T09:21:16;3.93;;;2.53;;
3659;SDS011;1846;51.482;7.224;2021-04-26T09:23:44;2.80;;;2.60;;
3659;SDS011;1846;51.482;7.224;2021-04-26T09:26:25;2.87;;;2.70;;
3659;SDS011;1846;51.482;7.224;2021-04-26T09:29:12;14.00;;;2.80;;
3659;SDS011;1846;51.482;7.224;2021-04-26T09:31:57;4.97;;;2.90;;
3659;SDS011;1846;51.482;7.224;2021-04-26T09:34:29;4.03;;;2.70;;
3659;SDS011;1846;51.482;7.224;2021-04-26T09:37:08;2.90;;;2.70;;
3659;SDS011;1846;51.482;7.224;2021-04-26T09:39:59;3.53;;;2.60;;
3659;SDS011;1846;51.482;7.224;2021-04-26T09:45:20;6.13;;;2.90;;
3659;SDS011;1846;51.482;7.224;2021-04-26T09:47:49;5.93;;;3.30;;
3659;SDS011;1846;51.482;7.224;2021-04-26T09:50:17;2.50;;;2.30;;
3659;SDS011;1846;51.482;7.224;2021-04-26T09:52:44;9.23;;;4.23;;
3659;SDS011;1846;51.482;7.224;2021-04-26T09:58:03;5.17;;;2.73;;
3659;SDS011;1846;51.482;7.224;2021-04-26T10:00:33;2.67;;;2.47;;
3659;SDS011;1846;51.482;7.224;2021-04-26T10:03:00;3.77;;;3.33;;
3659;SDS011;1846;51.482;7.224;2021-04-26T10:05:27;3.50;;;3.00;;
3659;SDS011;1846;51.482;7.224;2021-04-26T10:07:53;4.27;;;3.00;;
3659;SDS011;1846;51.482;7.224;2021-04-26T10:10:20;2.60;;;2.40;;
3659;SDS011;1846;51.482;7.224;2021-04-26T10:12:47;3.33;;;3.13;;
3659;SDS011;1846;51.482;7.224;2021-04-26T10:15:14;2.97;;;2.57;;
3659;SDS011;1846;51.482;7.224;2021-04-26T10:17:41;5.03;;;3.43;;
3659;SDS011;1846;51.482;7.224;2021-04-26T10:20:12;5.10;;;3.43;;
3659;SDS011;1846;51.482;7.224;2021-04-26T10:22:40;4.40;;;3.20;;
3659;SDS011;1846;51.482;7.224;2021-04-26T10:25:09;3.23;;;2.70;;
3659;SDS011;1846;51.482;7.224;2021-04-26T10:27:38;3.03;;;2.90;;
3659;SDS011;1846;51.482;7.224;2021-04-26T10:30:07;7.33;;;3.17;;
3659;SDS011;1846;51.482;7.224;2021-04-26T10:35:21;3.40;;;3.10;;
3659;SDS011;1846;51.482;7.224;2021-04-26T10:37:48;3.90;;;3.30;;
3659;SDS011;1846;51.482;7.224;2021-04-26T10:40:19;3.47;;;3.17;;
3659;SDS011;1846;51.482;7.224;2021-04-26T10:42:48;3.57;;;3.20;;
3659;SDS011;1846;51.482;7.224;2021-04-26T10:45:19;6.27;;;3.20;;
3659;SDS011;1846;51.482;7.224;2021-04-26T10:47:47;3.40;;;3.20;;
3659;SDS011;1846;51.482;7.224;2021-04-26T10:50:39;3.17;;;2.97;;
3659;SDS011;1846;51.482;7.224;2021-04-26T10:53:07;3.33;;;3.10;;
3659;SDS011;1846;51.482;7.224;2021-04-26T10:55:42;4.47;;;3.73;;
3659;SDS011;1846;51.482;7.224;2021-04-26T10:58:23;4.43;;;2.80;;
3659;SDS011;1846;51.482;7.224;2021-04-26T11:00:52;4.30;;;3.90;;
3659;SDS011;1846;51.482;7.224;2021-04-26T11:06:15;4.17;;;3.87;;
3659;SDS011;1846;51.482;7.224;2021-04-26T11:08:43;3.10;;;3.00;;
3659;SDS011;1846;51.482;7.224;2021-04-26T11:11:13;3.93;;;2.90;;
3659;SDS011;1846;51.482;7.224;2021-04-26T11:13:43;7.80;;;4.00;;
3659;SDS011;1846;51.482;7.224;2021-04-26T11:16:14;3.50;;;3.30;;
3659;SDS011;1846;51.482;7.224;2021-04-26T11:18:43;3.70;;;3.50;;
3659;SDS011;1846;51.482;7.224;2021-04-26T11:27:27;7.80;;;3.47;;
3659;SDS011;1846;51.482;7.224;2021-04-26T11:30:13;4.77;;;3.53;;
3659;SDS011;1846;51.482;7.224;2021-04-26T11:35:35;3.83;;;3.33;;
3659;SDS011;1846;51.482;7.224;2021-04-26T11:38:22;4.03;;;3.47;;
3659;SDS011;1846;51.482;7.224;2021-04-26T11:40:51;3.60;;;3.30;;
3659;SDS011;1846;51.482;7.224;2021-04-26T11:43:18;5.07;;;3.93;;
3659;SDS011;1846;51.482;7.224;2021-04-26T11:45:46;6.40;;;3.40;;
3659;SDS011;1846;51.482;7.224;2021-04-26T11:48:19;3.27;;;3.07;;
3659;SDS011;1846;51.482;7.224;2021-04-26T11:50:47;3.37;;;3.10;;
3659;SDS011;1846;51.482;7.224;2021-04-26T11:53:27;5.90;;;3.87;;
3659;SDS011;1846;51.482;7.224;2021-04-26T11:55:55;3.83;;;3.17;;
3659;SDS011;1846;51.482;7.224;2021-04-26T11:58:34;3.50;;;3.30;;
3659;SDS011;1846;51.482;7.224;2021-04-26T12:01:04;3.27;;;2.97;;
3659;SDS011;1846;51.482;7.224;2021-04-26T12:03:32;3.33;;;3.10;;
3659;SDS011;1846;51.482;7.224;2021-04-26T12:06:16;4.93;;;3.93;;
3659;SDS011;1846;51.482;7.224;2021-04-26T12:08:43;3.83;;;3.63;;
3659;SDS011;1846;51.482;7.224;2021-04-26T12:11:16;6.63;;;3.70;;
3659;SDS011;1846;51.482;7.224;2021-04-26T12:13:44;4.27;;;3.87;;
3659;SDS011;1846;51.482;7.224;2021-04-26T12:16:29;3.70;;;2.97;;
3659;SDS011;1846;51.482;7.224;2021-04-26T12:18:56;3.60;;;3.40;;
3659;SDS011;1846;51.482;7.224;2021-04-26T12:21:24;3.90;;;3.60;;
3659;SDS011;1846;51.482;7.224;2021-04-26T12:23:50;3.43;;;3.13;;
3659;SDS011;1846;51.482;7.224;2021-04-26T12:26:17;3.23;;;3.03;;
3659;SDS011;1846;51.482;7.224;2021-04-26T12:28:44;3.53;;;3.23;;
3659;SDS011;1846;51.482;7.224;2021-04-26T12:31:20;3.50;;;3.00;;
3659;SDS011;1846;51.482;7.224;2021-04-26T12:33:47;5.17;;;3.50;;
3659;SDS011;1846;51.482;7.224;2021-04-26T12:36:13;4.57;;;3.13;;
3659;SDS011;1846;51.482;7.224;2021-04-26T12:38:47;4.37;;;3.53;;
3659;SDS011;1846;51.482;7.224;2021-04-26T12:41:17;5.43;;;3.53;;
3659;SDS011;1846;51.482;7.224;2021-04-26T12:43:44;3.23;;;2.93;;
3659;SDS011;1846;51.482;7.224;2021-04-26T12:46:16;3.77;;;3.47;;
3659;SDS011;1846;51.482;7.224;2021-04-26T12:48:43;10.13;;;4.40;;
3659;SDS011;1846;51.482;7.224;2021-04-26T12:51:10;3.60;;;3.40;;
3659;SDS011;1846;51.482;7.224;2021-04-26T12:53:38;5.37;;;4.57;;
3659;SDS011;1846;51.482;7.224;2021-04-26T12:56:10;4.27;;;3.70;;
3659;SDS011;1846;51.482;7.224;2021-04-26T12:58:42;3.67;;;3.37;;
3659;SDS011;1846;51.482;7.224;2021-04-26T13:01:16;6.93;;;3.93;;
3659;SDS011;1846;51.482;7.224;2021-04-26T13:03:52;3.97;;;3.67;;
3659;SDS011;1846;51.482;7.224;2021-04-26T13:06:21;3.87;;;3.33;;
3659;SDS011;1846;51.482;7.224;2021-04-26T13:08:52;4.10;;;3.40;;
3659;SDS011;1846;51.482;7.224;2021-04-26T13:11:30;3.03;;;2.93;;
3659;SDS011;1846;51.482;7.224;2021-04-26T13:13:59;4.33;;;3.90;;
3659;SDS011;1846;51.482;7.224;2021-04-26T13:16:28;3.90;;;3.70;;
3659;SDS011;1846;51.482;7.224;2021-04-26T13:18:56;5.40;;;3.87;;
3659;SDS011;1846;51.482;7.224;2021-04-26T13:21:30;4.30;;;3.83;;
3659;SDS011;1846;51.482;7.224;2021-04-26T13:24:08;4.87;;;4.27;;
3659;SDS011;1846;51.482;7.224;2021-04-26T13:26:36;4.13;;;3.70;;
3659;SDS011;1846;51.482;7.224;2021-04-26T13:29:09;3.37;;;3.17;;
3659;SDS011;1846;51.482;7.224;2021-04-26T13:31:37;6.40;;;4.17;;
3659;SDS011;1846;51.482;7.224;2021-04-26T13:34:04;3.47;;;3.27;;
3659;SDS011;1846;51.482;7.224;2021-04-26T13:36:31;3.33;;;3.10;;
3659;SDS011;1846;51.482;7.224;2021-04-26T13:38:57;3.73;;;3.47;;
3659;SDS011;1846;51.482;7.224;2021-04-26T13:41:24;3.70;;;3.40;;
3659;SDS011;1846;51.482;7.224;2021-04-26T13:43:51;3.57;;;3.30;;
3659;SDS011;1846;51.482;7.224;2021-04-26T13:46:18;4.07;;;3.77;;
3659;SDS011;1846;51.482;7.224;2021-04-26T13:48:44;4.90;;;3.60;;
3659;SDS011;1846;51.482;7.224;2021-04-26T13:51:11;4.00;;;3.20;;
3659;SDS011;1846;51.482;7.224;2021-04-26T13:53:37;4.40;;;3.90;;
3659;SDS011;1846;51.482;7.224;2021-04-26T13:56:04;3.90;;;3.60;;
3659;SDS011;1846;51.482;7.224;2021-04-26T13:58:32;5.70;;;3.77;;
3659;SDS011;1846;51.482;7.224;2021-04-26T14:00:59;8.83;;;4.50;;
3659;SDS011;1846;51.482;7.224;2021-04-26T14:03:26;3.93;;;3.53;;
3659;SDS011;1846;51.482;7.224;2021-04-26T14:05:52;9.47;;;3.63;;
3659;SDS011;1846;51.482;7.224;2021-04-26T14:08:18;4.70;;;4.30;;
3659;SDS011;1846;51.482;7.224;2021-04-26T14:10:45;3.70;;;3.50;;
3659;SDS011;1846;51.482;7.224;2021-04-26T14:13:11;4.10;;;3.80;;
3659;SDS011;1846;51.482;7.224;2021-04-26T14:15:37;3.93;;;3.53;;
3659;SDS011;1846;51.482;7.224;2021-04-26T14:18:05;3.63;;;3.33;;
3659;SDS011;1846;51.482;7.224;2021-04-26T14:20:32;5.27;;;4.20;;
3659;SDS011;1846;51.482;7.224;2021-04-26T14:22:59;8.63;;;4.20;;
3659;SDS011;1846;51.482;7.224;2021-04-26T14:25:26;4.17;;;3.87;;
3659;SDS011;1846;51.482;7.224;2021-04-26T14:27:52;4.10;;;3.90;;
3659;SDS011;1846;51.482;7.224;2021-04-26T14:30:19;4.13;;;3.83;;
3659;SDS011;1846;51.482;7.224;2021-04-26T14:32:46;4.00;;;3.63;;
3659;SDS011;1846;51.482;7.224;2021-04-26T14:35:13;4.00;;;3.70;;
3659;SDS011;1846;51.482;7.224;2021-04-26T14:37:39;8.93;;;3.53;;
3659;SDS011;1846;51.482;7.224;2021-04-26T14:40:06;6.30;;;3.60;;
3659;SDS011;1846;51.482;7.224;2021-04-26T14:42:33;4.40;;;4.13;;
3659;SDS011;1846;51.482;7.224;2021-04-26T14:44:59;4.20;;;3.87;;
3659;SDS011;1846;51.482;7.224;2021-04-26T14:47:26;3.40;;;3.20;;
3659;SDS011;1846;51.482;7.224;2021-04-26T14:49:53;3.60;;;3.40;;
3659;SDS011;1846;51.482;7.224;2021-04-26T14:52:21;4.47;;;4.07;;
3659;SDS011;1846;51.482;7.224;2021-04-26T14:54:47;4.90;;;4.60;;
3659;SDS011;1846;51.482;7.224;2021-04-26T14:57:14;4.17;;;3.97;;
3659;SDS011;1846;51.482;7.224;2021-04-26T14:59:40;4.23;;;3.93;;
3659;SDS011;1846;51.482;7.224;2021-04-26T15:02:06;3.87;;;3.67;;
3659;SDS011;1846;51.482;7.224;2021-04-26T15:04:33;4.43;;;4.23;;
3659;SDS011;1846;51.482;7.224;2021-04-26T15:07:00;4.60;;;4.20;;
3659;SDS011;1846;51.482;7.224;2021-04-26T15:09:27;4.77;;;4.27;;
3659;SDS011;1846;51.482;7.224;2021-04-26T15:11:53;5.93;;;4.47;;
3659;SDS011;1846;51.482;7.224;2021-04-26T15:14:19;4.30;;;4.10;;
3659;SDS011;1846;51.482;7.224;2021-04-26T15:16:46;3.50;;;3.30;;
3659;SDS011;1846;51.482;7.224;2021-04-26T15:19:12;4.33;;;4.03;;
3659;SDS011;1846;51.482;7.224;2021-04-26T15:21:39;3.40;;;3.20;;
3659;SDS011;1846;51.482;7.224;2021-04-26T15:24:07;3.60;;;3.30;;
3659;SDS011;1846;51.482;7.224;2021-04-26T15:26:37;4.33;;;3.90;;
3659;SDS011;1846;51.482;7.224;2021-04-26T15:29:04;4.50;;;4.20;;
3659;SDS011;1846;51.482;7.224;2021-04-26T15:31:31;7.43;;;3.50;;
3659;SDS011;1846;51.482;7.224;2021-04-26T15:33:57;4.20;;;3.80;;
3659;SDS011;1846;51.482;7.224;2021-04-26T15:36:24;3.57;;;3.27;;
3659;SDS011;1846;51.482;7.224;2021-04-26T15:38:51;4.20;;;3.80;;
3659;SDS011;1846;51.482;7.224;2021-04-26T15:41:17;3.60;;;3.40;;
3659;SDS011;1846;51.482;7.224;2021-04-26T15:43:45;3.63;;;3.43;;
3659;SDS011;1846;51.482;7.224;2021-04-26T15:46:11;5.07;;;4.57;;
3659;SDS011;1846;51.482;7.224;2021-04-26T15:48:37;3.93;;;3.70;;
3659;SDS011;1846;51.482;7.224;2021-04-26T15:51:04;6.17;;;4.20;;
3659;SDS011;1846;51.482;7.224;2021-04-26T15:53:31;5.03;;;4.20;;
3659;SDS011;1846;51.482;7.224;2021-04-26T15:55:57;3.70;;;3.40;;
3659;SDS011;1846;51.482;7.224;2021-04-26T15:58:23;4.07;;;3.40;;
3659;SDS011;1846;51.482;7.224;2021-04-26T16:00:51;5.57;;;4.07;;
3659;SDS011;1846;51.482;7.224;2021-04-26T16:03:18;5.63;;;4.20;;
3659;SDS011;1846;51.482;7.224;2021-04-26T16:05:44;8.77;;;3.70;;
3659;SDS011;1846;51.482;7.224;2021-04-26T16:08:11;4.80;;;4.40;;
3659;SDS011;1846;51.482;7.224;2021-04-26T16:10:38;4.60;;;4.10;;
3659;SDS011;1846;51.482;7.224;2021-04-26T16:13:05;53.10;;;5.47;;
3659;SDS011;1846;51.482;7.224;2021-04-26T16:15:32;4.00;;;3.70;;
3659;SDS011;1846;51.482;7.224;2021-04-26T16:17:59;4.20;;;3.90;;
3659;SDS011;1846;51.482;7.224;2021-04-26T16:20:25;4.50;;;3.97;;
3659;SDS011;1846;51.482;7.224;2021-04-26T16:22:52;5.83;;;4.23;;
3659;SDS011;1846;51.482;7.224;2021-04-26T16:25:18;5.97;;;4.07;;
3659;SDS011;1846;51.482;7.224;2021-04-26T16:27:44;4.43;;;4.13;;
3659;SDS011;1846;51.482;7.224;2021-04-26T16:30:11;6.37;;;4.03;;
3659;SDS011;1846;51.482;7.224;2021-04-26T16:32:38;5.77;;;5.27;;
3659;SDS011;1846;51.482;7.224;2021-04-26T16:35:07;3.80;;;3.60;;
3659;SDS011;1846;51.482;7.224;2021-04-26T16:37:34;4.60;;;4.30;;
3659;SDS011;1846;51.482;7.224;2021-04-26T16:40:00;5.00;;;4.07;;
3659;SDS011;1846;51.482;7.224;2021-04-26T16:42:26;6.00;;;3.70;;
3659;SDS011;1846;51.482;7.224;2021-04-26T16:44:53;5.47;;;4.93;;
3659;SDS011;1846;51.482;7.224;2021-04-26T16:47:19;4.50;;;4.30;;
3659;SDS011;1846;51.482;7.224;2021-04-26T16:49:46;5.30;;;4.90;;
3659;SDS011;1846;51.482;7.224;2021-04-26T16:52:14;4.47;;;4.07;;
3659;SDS011;1846;51.482;7.224;2021-04-26T16:54:41;6.30;;;4.27;;
3659;SDS011;1846;51.482;7.224;2021-04-26T16:57:08;4.53;;;4.30;;
3659;SDS011;1846;51.482;7.224;2021-04-26T16:59:35;8.77;;;5.20;;
3659;SDS011;1846;51.482;7.224;2021-04-26T17:02:01;4.40;;;4.10;;
3659;SDS011;1846;51.482;7.224;2021-04-26T17:04:28;4.30;;;3.93;;
3659;SDS011;1846;51.482;7.224;2021-04-26T17:06:54;5.77;;;5.27;;
3659;SDS011;1846;51.482;7.224;2021-04-26T17:09:21;10.63;;;5.00;;
3659;SDS011;1846;51.482;7.224;2021-04-26T17:11:47;4.83;;;4.53;;
3659;SDS011;1846;51.482;7.224;2021-04-26T17:14:14;7.33;;;4.60;;
3659;SDS011;1846;51.482;7.224;2021-04-26T17:16:40;8.60;;;5.23;;
3659;SDS011;1846;51.482;7.224;2021-04-26T17:19:07;5.37;;;4.93;;
3659;SDS011;1846;51.482;7.224;2021-04-26T17:21:34;5.40;;;5.00;;
3659;SDS011;1846;51.482;7.224;2021-04-26T17:24:00;4.33;;;4.10;;
3659;SDS011;1846;51.482;7.224;2021-04-26T17:26:29;6.10;;;4.50;;
3659;SDS011;1846;51.482;7.224;2021-04-26T17:28:56;5.10;;;4.67;;
3659;SDS011;1846;51.482;7.224;2021-04-26T17:31:22;4.03;;;3.73;;
3659;SDS011;1846;51.482;7.224;2021-04-26T17:33:49;5.13;;;4.67;;
3659;SDS011;1846;51.482;7.224;2021-04-26T17:36:15;6.73;;;4.27;;
3659;SDS011;1846;51.482;7.224;2021-04-26T17:38:42;5.33;;;4.67;;
3659;SDS011;1846;51.482;7.224;2021-04-26T17:41:08;5.63;;;4.90;;
3659;SDS011;1846;51.482;7.224;2021-04-26T17:43:35;4.73;;;4.43;;
3659;SDS011;1846;51.482;7.224;2021-04-26T17:46:01;5.03;;;4.63;;
3659;SDS011;1846;51.482;7.224;2021-04-26T17:48:28;4.73;;;4.30;;
3659;SDS011;1846;51.482;7.224;2021-04-26T17:50:54;8.50;;;4.27;;
3659;SDS011;1846;51.482;7.224;2021-04-26T17:53:20;8.47;;;5.00;;
3659;SDS011;1846;51.482;7.224;2021-04-26T17:55:47;7.37;;;4.83;;
3659;SDS011;1846;51.482;7.224;2021-04-26T17:58:13;4.80;;;4.47;;
3659;SDS011;1846;51.482;7.224;2021-04-26T18:00:40;4.80;;;4.33;;
3659;SDS011;1846;51.482;7.224;2021-04-26T18:03:07;5.33;;;4.83;;
3659;SDS011;1846;51.482;7.224;2021-04-26T18:05:33;4.80;;;4.57;;
3659;SDS011;1846;51.482;7.224;2021-04-26T18:07:59;5.07;;;4.60;;
3659;SDS011;1846;51.482;7.224;2021-04-26T18:10:26;6.30;;;4.67;;
3659;SDS011;1846;51.482;7.224;2021-04-26T18:12:52;5.27;;;4.87;;
3659;SDS011;1846;51.482;7.224;2021-04-26T18:15:19;4.60;;;4.20;;
3659;SDS011;1846;51.482;7.224;2021-04-26T18:17:47;7.70;;;5.30;;
3659;SDS011;1846;51.482;7.224;2021-04-26T18:20:13;4.47;;;4.17;;
3659;SDS011;1846;51.482;7.224;2021-04-26T18:22:41;7.27;;;4.60;;
3659;SDS011;1846;51.482;7.224;2021-04-26T18:25:08;4.97;;;4.57;;
3659;SDS011;1846;51.482;7.224;2021-04-26T18:27:36;5.10;;;4.70;;
3659;SDS011;1846;51.482;7.224;2021-04-26T18:30:07;5.90;;;4.20;;
3659;SDS011;1846;51.482;7.224;2021-04-26T18:32:36;7.47;;;5.53;;
3659;SDS011;1846;51.482;7.224;2021-04-26T18:35:03;5.20;;;4.80;;
3659;SDS011;1846;51.482;7.224;2021-04-26T18:37:31;7.20;;;5.47;;
3659;SDS011;1846;51.482;7.224;2021-04-26T18:39:57;8.93;;;5.70;;
3659;SDS011;1846;51.482;7.224;2021-04-26T18:42:24;5.37;;;4.87;;
3659;SDS011;1846;51.482;7.224;2021-04-26T18:44:50;8.87;;;5.43;;
3659;SDS011;1846;51.482;7.224;2021-04-26T18:47:16;5.60;;;5.03;;
3659;SDS011;1846;51.482;7.224;2021-04-26T18:49:44;8.90;;;4.57;;
3659;SDS011;1846;51.482;7.224;2021-04-26T18:52:11;4.70;;;4.40;;
3659;SDS011;1846;51.482;7.224;2021-04-26T18:54:38;4.93;;;4.63;;
3659;SDS011;1846;51.482;7.224;2021-04-26T18:57:05;5.97;;;5.47;;
3659;SDS011;1846;51.482;7.224;2021-04-26T18:59:31;6.00;;;5.20;;
3659;SDS011;1846;51.482;7.224;2021-04-26T19:01:57;10.10;;;4.50;;
3659;SDS011;1846;51.482;7.224;2021-04-26T19:04:23;5.67;;;5.00;;
3659;SDS011;1846;51.482;7.224;2021-04-26T19:06:50;6.10;;;5.30;;
3659;SDS011;1846;51.482;7.224;2021-04-26T19:09:17;4.33;;;3.97;;
3659;SDS011;1846;51.482;7.224;2021-04-26T19:11:44;8.13;;;5.00;;
3659;SDS011;1846;51.482;7.224;2021-04-26T19:14:11;5.50;;;4.73;;
3659;SDS011;1846;51.482;7.224;2021-04-26T19:16:39;10.27;;;4.97;;
3659;SDS011;1846;51.482;7.224;2021-04-26T19:19:06;4.93;;;4.50;;
3659;SDS011;1846;51.482;7.224;2021-04-26T19:21:32;5.70;;;5.20;;
3659;SDS011;1846;51.482;7.224;2021-04-26T19:23:58;4.70;;;4.27;;
3659;SDS011;1846;51.482;7.224;2021-04-26T19:26:28;5.53;;;4.97;;
3659;SDS011;1846;51.482;7.224;2021-04-26T19:28:56;5.10;;;4.70;;
3659;SDS011;1846;51.482;7.224;2021-04-26T19:31:23;5.70;;;4.70;;
3659;SDS011;1846;51.482;7.224;2021-04-26T19:33:51;10.97;;;4.93;;
3659;SDS011;1846;51.482;7.224;2021-04-26T19:36:17;6.13;;;5.50;;
3659;SDS011;1846;51.482;7.224;2021-04-26T19:38:44;8.60;;;5.10;;
3659;SDS011;1846;51.482;7.224;2021-04-26T19:41:10;6.67;;;5.00;;
3659;SDS011;1846;51.482;7.224;2021-04-26T19:43:38;5.40;;;5.00;;
3659;SDS011;1846;51.482;7.224;2021-04-26T19:46:04;14.50;;;5.53;;
3659;SDS011;1846;51.482;7.224;2021-04-26T19:48:32;7.10;;;5.83;;
3659;SDS011;1846;51.482;7.224;2021-04-26T19:50:58;5.57;;;5.03;;
3659;SDS011;1846;51.482;7.224;2021-04-26T19:53:25;5.33;;;4.93;;
3659;SDS011;1846;51.482;7.224;2021-04-26T19:55:51;6.33;;;5.83;;
3659;SDS011;1846;51.482;7.224;2021-04-26T19:58:18;5.30;;;4.80;;
3659;SDS011;1846;51.482;7.224;2021-04-26T20:00:46;6.70;;;4.47;;
3659;SDS011;1846;51.482;7.224;2021-04-26T20:03:13;13.27;;;5.37;;
3659;SDS011;1846;51.482;7.224;2021-04-26T20:05:39;5.83;;;5.33;;
3659;SDS011;1846;51.482;7.224;2021-04-26T20:08:07;8.27;;;5.63;;
3659;SDS011;1846;51.482;7.224;2021-04-26T20:10:34;5.97;;;5.20;;
3659;SDS011;1846;51.482;7.224;2021-04-26T20:13:01;10.30;;;5.83;;
3659;SDS011;1846;51.482;7.224;2021-04-26T20:15:28;6.97;;;6.27;;
3659;SDS011;1846;51.482;7.224;2021-04-26T20:17:56;5.73;;;5.03;;
3659;SDS011;1846;51.482;7.224;2021-04-26T20:20:22;6.13;;;5.50;;
3659;SDS011;1846;51.482;7.224;2021-04-26T20:22:50;7.23;;;5.90;;
3659;SDS011;1846;51.482;7.224;2021-04-26T20:25:18;10.67;;;5.97;;
3659;SDS011;1846;51.482;7.224;2021-04-26T20:27:45;14.50;;;6.20;;
3659;SDS011;1846;51.482;7.224;2021-04-26T20:30:13;6.70;;;6.00;;
3659;SDS011;1846;51.482;7.224;2021-04-26T20:32:40;7.10;;;5.73;;
3659;SDS011;1846;51.482;7.224;2021-04-26T20:35:08;7.47;;;6.27;;
3659;SDS011;1846;51.482;7.224;2021-04-26T20:37:36;9.43;;;6.80;;
3659;SDS011;1846;51.482;7.224;2021-04-26T20:40:03;6.03;;;5.43;;
3659;SDS011;1846;51.482;7.224;2021-04-26T20:42:31;7.10;;;5.90;;
3659;SDS011;1846;51.482;7.224;2021-04-26T20:44:57;7.90;;;6.27;;
3659;SDS011;1846;51.482;7.224;2021-04-26T20:47:23;5.97;;;4.60;;
3659;SDS011;1846;51.482;7.224;2021-04-26T20:49:50;10.30;;;6.13;;
3659;SDS011;1846;51.482;7.224;2021-04-26T20:52:17;13.23;;;6.20;;
3659;SDS011;1846;51.482;7.224;2021-04-26T20:54:43;8.73;;;5.70;;
3659;SDS011;1846;51.482;7.224;2021-04-26T20:57:10;6.13;;;5.53;;
3659;SDS011;1846;51.482;7.224;2021-04-26T20:59:36;6.43;;;5.37;;
3659;SDS011;1846;51.482;7.224;2021-04-26T21:02:03;7.80;;;5.20;;
3659;SDS011;1846;51.482;7.224;2021-04-26T21:04:29;6.07;;;5.37;;
3659;SDS011;1846;51.482;7.224;2021-04-26T21:06:55;5.90;;;5.33;;
3659;SDS011;1846;51.482;7.224;2021-04-26T21:09:23;5.50;;;4.80;;
3659;SDS011;1846;51.482;7.224;2021-04-26T21:11:49;6.50;;;5.00;;
3659;SDS011;1846;51.482;7.224;2021-04-26T21:14:16;8.60;;;5.00;;
3659;SDS011;1846;51.482;7.224;2021-04-26T21:16:42;5.93;;;5.43;;
3659;SDS011;1846;51.482;7.224;2021-04-26T21:19:08;6.17;;;4.57;;
3659;SDS011;1846;51.482;7.224;2021-04-26T21:21:35;4.83;;;4.50;;
3659;SDS011;1846;51.482;7.224;2021-04-26T21:24:01;7.40;;;6.67;;
3659;SDS011;1846;51.482;7.224;2021-04-26T21:26:29;12.53;;;5.90;;
3659;SDS011;1846;51.482;7.224;2021-04-26T21:28:55;5.00;;;4.60;;
3659;SDS011;1846;51.482;7.224;2021-04-26T21:31:21;6.93;;;5.37;;
3659;SDS011;1846;51.482;7.224;2021-04-26T21:33:47;4.83;;;4.43;;
3659;SDS011;1846;51.482;7.224;2021-04-26T21:36:14;7.03;;;5.40;;
3659;SDS011;1846;51.482;7.224;2021-04-26T21:38:40;9.73;;;6.07;;
3659;SDS011;1846;51.482;7.224;2021-04-26T21:41:06;5.47;;;4.97;;
3659;SDS011;1846;51.482;7.224;2021-04-26T21:43:33;13.67;;;5.90;;
3659;SDS011;1846;51.482;7.224;2021-04-26T21:46:04;5.40;;;5.00;;
3659;SDS011;1846;51.482;7.224;2021-04-26T21:48:31;7.43;;;5.03;;
3659;SDS011;1846;51.482;7.224;2021-04-26T21:50:57;6.50;;;5.23;;
3659;SDS011;1846;51.482;7.224;2021-04-26T21:53:24;6.83;;;5.70;;
3659;SDS011;1846;51.482;7.224;2021-04-26T21:55:50;5.63;;;4.80;;
3659;SDS011;1846;51.482;7.224;2021-04-26T21:58:16;7.23;;;6.17;;
3659;SDS011;1846;51.482;7.224;2021-04-26T22:00:44;5.80;;;5.30;;
3659;SDS011;1846;51.482;7.224;2021-04-26T22:03:10;6.23;;;5.30;;
3659;SDS011;1846;51.482;7.224;2021-04-26T22:05:36;9.10;;;5.73;;
3659;SDS011;1846;51.482;7.224;2021-04-26T22:08:03;6.97;;;5.40;;
3659;SDS011;1846;51.482;7.224;2021-04-26T22:10:30;7.93;;;5.60;;
3659;SDS011;1846;51.482;7.224;2021-04-26T22:12:58;10.90;;;5.10;;
3659;SDS011;1846;51.482;7.224;2021-04-26T22:15:25;6.47;;;5.87;;
3659;SDS011;1846;51.482;7.224;2021-04-26T22:17:53;10.03;;;6.43;;
3659;SDS011;1846;51.482;7.224;2021-04-26T22:20:20;11.17;;;5.53;;
3659;SDS011;1846;51.482;7.224;2021-04-26T22:22:47;5.60;;;5.03;;
3659;SDS011;1846;51.482;7.224;2021-04-26T22:25:15;7.70;;;5.50;;
3659;SDS011;1846;51.482;7.224;2021-04-26T22:27:43;6.97;;;6.30;;
3659;SDS011;1846;51.482;7.224;2021-04-26T22:30:11;8.70;;;5.60;;
3659;SDS011;1846;51.482;7.224;2021-04-26T22:32:39;12.90;;;5.70;;
3659;SDS011;1846;51.482;7.224;2021-04-26T22:35:07;5.93;;;5.43;;
3659;SDS011;1846;51.482;7.224;2021-04-26T22:37:37;6.80;;;5.87;;
3659;SDS011;1846;51.482;7.224;2021-04-26T22:40:04;6.23;;;5.60;;
3659;SDS011;1846;51.482;7.224;2021-04-26T22:42:31;7.97;;;5.10;;
3659;SDS011;1846;51.482;7.224;2021-04-26T22:44:58;4.90;;;4.50;;
3659;SDS011;1846;51.482;7.224;2021-04-26T22:47:25;9.60;;;6.20;;
3659;SDS011;1846;51.482;7.224;2021-04-26T22:49:51;5.93;;;5.33;;
3659;SDS011;1846;51.482;7.224;2021-04-26T22:52:18;5.93;;;5.43;;
3659;SDS011;1846;51.482;7.224;2021-04-26T22:54:45;5.77;;;5.27;;
3659;SDS011;1846;51.482;7.224;2021-04-26T22:57:11;5.53;;;5.03;;
3659;SDS011;1846;51.482;7.224;2021-04-26T22:59:37;6.03;;;5.00;;
3659;SDS011;1846;51.482;7.224;2021-04-26T23:02:04;6.10;;;5.20;;
3659;SDS011;1846;51.482;7.224;2021-04-26T23:04:30;5.87;;;5.37;;
3659;SDS011;1846;51.482;7.224;2021-04-26T23:06:56;5.00;;;4.60;;
3659;SDS011;1846;51.482;7.224;2021-04-26T23:09:23;5.10;;;4.60;;
3659;SDS011;1846;51.482;7.224;2021-04-26T23:11:50;6.03;;;5.43;;
3659;SDS011;1846;51.482;7.224;2021-04-26T23:14:16;5.57;;;5.10;;
3659;SDS011;1846;51.482;7.224;2021-04-26T23:16:43;6.43;;;4.90;;
3659;SDS011;1846;51.482;7.224;2021-04-26T23:19:09;10.40;;;5.30;;
3659;SDS011;1846;51.482;7.224;2021-04-26T23:21:35;5.93;;;5.07;;
3659;SDS011;1846;51.482;7.224;2021-04-26T23:24:02;7.73;;;4.87;;
3659;SDS011;1846;51.482;7.224;2021-04-26T23:26:30;5.50;;;5.00;;
3659;SDS011;1846;51.482;7.224;2021-04-26T23:28:56;6.17;;;5.30;;
3659;SDS011;1846;51.482;7.224;2021-04-26T23:31:22;6.90;;;5.00;;
3659;SDS011;1846;51.482;7.224;2021-04-26T23:33:48;5.77;;;4.60;;
3659;SDS011;1846;51.482;7.224;2021-04-26T23:36:15;5.83;;;4.43;;
3659;SDS011;1846;51.482;7.224;2021-04-26T23:38:41;6.87;;;5.30;;
3659;SDS011;1846;51.482;7.224;2021-04-26T23:41:07;5.63;;;5.20;;
3659;SDS011;1846;51.482;7.224;2021-04-26T23:43:34;6.33;;;5.27;;
3659;SDS011;1846;51.482;7.224;2021-04-26T23:46:01;5.90;;;5.20;;
3659;SDS011;1846;51.482;7.224;2021-04-26T23:48:28;5.17;;;4.67;;
3659;SDS011;1846;51.482;7.224;2021-04-26T23:50:54;5.13;;;4.83;;
3659;SDS011;1846;51.482;7.224;2021-04-26T23:53:21;7.40;;;5.40;;
3659;SDS011;1846;51.482;7.224;2021-04-26T23:55:47;4.87;;;4.50;;
3659;SDS011;1846;51.482;7.224;2021-04-26T23:58:13;6.00;;;5.50;;
